metric,animosity most-frequent,animosity logreg,thankfulness most-frequent,thankfulness logreg
accuracy-test,0.7254901960784313,0.8823529411764706,0.6666666666666666,0.9215686274509803
precision-test,0.0,0.7857142857142857,0.0,0.8421052631578947
recall-test,0.0,0.7857142857142857,0.0,0.9411764705882353
f1-test,0.0,0.7857142857142857,0.0,0.8888888888888888
